Unnamed: 0,name,typ,zone,netcap,seg1,seg2,seg3,mincap,ramp,minu,mind,var_om,no_load,st_cost,Name_Description,eGRID_Name,DOE,LAT,LON,FIPSCNTY,CNTYNAME,CapacityFactor
83,AGRICO_6_PL3N5,ngct,PGE_valley,22.69,8.02,8.08,8.15,8,23,1,1,3.17,9.589041096,1588.3,FRESNO PEAKER PLANT,"Fresno Cogeneration Partners, LP",10156,36.617022,-120.099846,19,Fresno,0.0064
50,AGRICO_7_UNIT,ngcc,PGE_valley,50.6,6.64,6.9,7.16,21,51,4,4,2,23.24723247,3542,FRESNO COGEN PLANT,"Fresno Cogeneration Partners, LP",10156,36.617022,-120.099846,19,Fresno,0.0064
209,ALAMIT_7_UNIT1,ngst,SCE,174.56,11.19,11.89,12.6,70,175,6,6,2,36.19631902,12219.2,Alamitos 1,AES Alamitos,315,33.7688,-118.1009,37,Los Angeles,0.0532
210,ALAMIT_7_UNIT2,ngst,SCE,175,11.19,11.89,12.6,70,175,6,6,2,36.3190184,12250,Alamitos 2,AES Alamitos,315,33.7688,-118.1009,37,Los Angeles,0.0532
211,ALAMIT_7_UNIT3,ngst,SCE,332.18,11.19,11.89,12.6,133,333,6,6,2,68.95705521,23252.6,Alamitos 3,AES Alamitos,315,33.7688,-118.1009,37,Los Angeles,0.0532
212,ALAMIT_7_UNIT4,ngst,SCE,335.67,11.19,11.89,12.6,135,336,6,6,2,69.69325153,23496.9,Alamitos 4,AES Alamitos,315,33.7688,-118.1009,37,Los Angeles,0.0532
213,ALAMIT_7_UNIT5,ngst,SCE,497.97,11.19,11.89,12.6,200,498,6,6,2,103.3128834,34857.9,Alamitos 5,AES Alamitos,315,33.7688,-118.1009,37,Los Angeles,0.0532
214,ALAMIT_7_UNIT6,ngst,SCE,495,11.19,11.89,12.6,198,495,6,6,2,102.6993865,34650,Alamitos 6,AES Alamitos,315,33.7688,-118.1009,37,Los Angeles,0.0532
25,ALMEGT_1_UNIT_1,ngct,PGE_bay,23.8,11.48,11.55,11.61,9,24,1,1,3.17,10.02739726,1666,Alameda GT Unit 1,Alameda,7450,37.7886,-122.2889,1,Alameda,0.0199
26,ALMEGT_1_UNIT_2,ngct,PGE_bay,25.4,11.48,11.55,11.61,9,26,1,1,3.17,10.68493151,1778,Alameda GT Unit 2,Alameda,7450,37.7886,-122.2889,1,Alameda,0.0199
181,ANAHM_2_CANYN1,ngct,SCE,49.4,8.35,8.41,8.48,18,50,1,1,3.17,20.82191781,3458,Canyon Power Plant Unit 1,Canyon Power Plant,57027,33.858056,-117.861667,59,Orange,0.1038
182,ANAHM_2_CANYN2,ngct,SCE,49.4,8.35,8.41,8.48,18,50,1,1,3.17,20.82191781,3458,Canyon Power Plant Unit 2,Canyon Power Plant,57027,33.858056,-117.861667,59,Orange,0.1038
183,ANAHM_2_CANYN3,ngct,SCE,49.4,8.35,8.41,8.48,18,50,1,1,3.17,20.82191781,3458,Canyon Power Plant Unit 3,Canyon Power Plant,57027,33.858056,-117.861667,59,Orange,0.1038
184,ANAHM_2_CANYN4,ngct,SCE,49.4,8.35,8.41,8.48,18,50,1,1,3.17,20.82191781,3458,Canyon Power Plant Unit 4,Canyon Power Plant,57027,33.858056,-117.861667,59,Orange,0.1038
170,ANAHM_7_CT,ngct,SCE,42.81,11.9,11.97,12.03,15,43,1,1,3.17,18.08219178,2996.7,ANAHEIM COMBUSTION TURBINE,Anaheim Combustion Turbine,7693,33.853542,-117.856286,59,Orange,0.09
120,ARCOGN_2_UNITS,ngcc,SCE,416.6,6.01,6.27,6.53,167,417,5,5,2,191.5129151,29162,WATSON COGENERATION COMPANY,Watson Cogeneration,50216,33.816647,-118.244841,37,Los Angeles,0.6834
171,BARRE_6_PEAKER,ngct,SCE,47,11.9,11.97,12.03,17,47,1,1,3.17,19.7260274,3290,Barre Peaker,Barre Generating Station,56474,33.8073,-117.9832,59,Orange,0.0759
49,BASICE_2_UNITS,ngcc,PGE_valley,135,6.64,6.9,7.16,54,135,5,5,2,61.99261993,9450,CALPINE AMERICAN I COGEN (Aggregate),"Calpine Gilroy Cogen, LP",10034,37.0001,-121.5367,85,Santa Clara,0.0902
98,BDGRCK_1_UNITS,ngct,PGE_valley,47.49,7.52,7.58,7.65,17,48,1,1,3.17,20,3324.3,BADGER CREEK LIMITED,Badger Creek Limited,10650,35.483736,-119.029856,29,Kern,0.0188
109,BEARMT_1_UNIT,ngct,PGE_valley,47.49,7.1,7.17,7.23,17,48,1,1,3.17,20,3324.3,BEAR MOUNTAIN LIMITED,Bear Mountain Limited,10649,35.419181,-118.926643,29,Kern,0.0888
71,BOGUE_1_UNITA1,ngct,PGE_valley,46.3,9.15,9.21,9.28,17,47,1,1,3.17,19.45205479,3241,FEATHER RIVER ENERGY CENTER,Feather River Energy Center,55847,39.109344,-121.60931,101,Sutter,0.0804
240,BORDER_6_UNITA1,ngct,SDGE,51.25,11.9,11.97,12.03,6,52,1,1,3.17,21.64383562,3587.5,BORDER,CalPeak Power - Border,55510,32.562448,-116.943869,73,San Diego,0.0215
215,BRDWAY_7_UNIT3,ngst,SCE,65,11.19,11.89,12.6,26,65,6,6,2,13.49693252,4550,Broadway 3,Broadway,420,34.1254,-118.148,37,Los Angeles,0
133,BUCKBL_2_PL1X3,ngcc,SCE,493.63,9.91,10.17,10.43,198,494,1,1,2,226.9372694,34554.1,Blythe Energy Project,Blythe Energy,55295,33.6157,-114.6865,65,Riverside,0.5207
44,CALPIN_1_AGNEW,ngcc,PGE_valley,28,8.05,8.31,8.57,12,28,5,5,2,12.91512915,1960,Agnews Power Plant,Agnews Power Plant,50748,37.4058,-121.9272,85,Santa Clara,0.0564
172,CENTER_6_PEAKER,ngct,SCE,47,11.9,11.97,12.03,17,47,1,1,3.17,19.7260274,3290,Center Peaker,Center Generating Station,56475,33.9296,-118.1046,37,Los Angeles,0.0284
165,CENTRY_6_PL1X4,ngct,SCE,41.4,13.16,13.23,13.29,15,42,1,1,3.17,17.53424658,2898,CENTURY (AGGREGATE),Century Generating Facility,55934,34.0606,-117.3533,71,San Bernardino,0.0032
101,CHALK_1_UNIT,ngct,PGE_valley,47.49,7.41,7.48,7.54,17,48,1,1,3.17,20,3324.3,CHALK CLIFF LIMITED,Chalk Cliff Limited,50003,35.0968,-119.4299,29,Kern,0.038
82,CHEVCD_6_UNIT,ngct,PGE_valley,11.5,8.02,8.08,8.15,5,12,1,1,3.17,4.931506849,805,CHEVRON USA (TAFT/CADET),Taft 26C Cogen,52085,35.1133,-119.4706,29,Kern,0.7111
46,CHEVCO_6_UNIT_2,ngcc,PGE_valley,12.5,7.13,7.39,7.65,5,13,6,6,2,5.904059041,875,AERA ENERGY LLC. (Coalinga),Coalinga 25D Cogen,52086,36.1556,-120.3972,19,Fresno,0.5995
79,CHEVCO_6_UNIT1,ngct,PGE_valley,19,8.02,8.08,8.15,7,19,1,1,3.17,7.945205479,1330,CHEVRON USA (COALINGA),Coalinga 25D Cogen,52086,36.1556,-120.3972,19,Fresno,0.5995
157,CHINO_6_CIMGEN,ngct,SCE,31.6,6.93,7,7.06,12,32,1,1,3.17,13.42465753,2212,O.L.S. ENERGY COMPANY- CHINO-MENS INST.,OLS Energy Chino,50850,33.989626,-117.680911,71,San Bernardino,0.0916
74,CHWCHL_1_UNIT,ngct,PGE_valley,48.6,8.71,8.77,8.84,18,49,1,1,3.17,20.54794521,3402,CHOW 2 PEAKER PLANT,Chowchilla II,56185,37.1073,-120.2485,39,Madera,0.0424
18,COCOPP_2_CTG1,ngct,PGE_bay,204.2,8.65,8.71,8.78,72,205,1,1,3.17,86.08219178,14294,GENON MARSH LANDING GEN STATION UNIT 1,Marsh Landing Generating Station,57267,38.016944,-121.765,13,Contra Costa,0.0303
19,COCOPP_2_CTG2,ngct,PGE_bay,202.7,8.65,8.71,8.78,71,203,1,1,3.17,85.45205479,14189,GENON MARSH LANDING GEN STATION UNIT 2,Marsh Landing Generating Station,57267,38.016944,-121.765,13,Contra Costa,0.0303
20,COCOPP_2_CTG3,ngct,PGE_bay,208.96,8.65,8.71,8.78,74,209,1,1,3.17,88.08219178,14627.2,GENON MARSH LANDING GEN STATION UNIT 3,Marsh Landing Generating Station,57267,38.016944,-121.765,13,Contra Costa,0.0303
21,COCOPP_2_CTG4,ngct,PGE_bay,204.29,8.65,8.71,8.78,72,205,1,1,3.17,86.10958904,14300.3,GENON MARSH LANDING GEN STATION UNIT 4,Marsh Landing Generating Station,57267,38.016944,-121.765,13,Contra Costa,0.0303
112,COLGA1_6_SHELLW,ngct,PGE_valley,52.9,6.23,6.29,6.36,19,53,1,1,3.17,22.19178082,3703,COALINGA COGENERATION,Coalinga Cogeneration Facility,50750,36.170317,-120.364084,19,Fresno,0.8171
169,COLTON_6_AGUAM1,ngct,SCE,43,11.9,11.97,12.03,16,43,1,1,3.17,18.08219178,3010,AGUA MANSA GENERATING FACILITY,Agua Mansa Power,55951,34.0414,-117.3603,71,San Bernardino,0.0148
114,COLUSA_2_PL1X3,ngct,PGE_valley,641,5.31,5.37,5.44,225,641,1,1,3.17,270.1369863,44870,Colusa Generating Station,Colusa Generating Station,56532,39.3661,-122.27,11,Colusa,0.4785
126,CORONS_6_CLRWTR,ngcc,SCE,28,7.49,7.75,8.02,12,28,4,4,2,12.91512915,1960,Clearwater Power Plant,Clearwater Power Plant,56356,33.8912,-117.6085,65,Riverside,0.0348
2,CROKET_7_UNIT,ngcc,PGE_bay,240,4.36,4.62,4.88,96,240,5,5,2,110.2583026,16800,CROCKETT COGEN,Crockett Cogen Project,55084,38.0569,-122.2161,13,Contra Costa,0.6335
31,CSCCOG_1_UNIT_1,ngct,PGE_bay,7,18.41,18.48,18.54,3,7,1,1,3.17,2.931506849,490,SANTA CLARA COGEN,Santa Clara Cogen,7232,37.364297,-121.944238,85,Santa Clara,0.6647
32,CSCGNR_1_UNIT_1,ngct,PGE_bay,24.75,30.84,30.91,30.97,9,25,1,1,3.17,10.4109589,1732.5,Gianera GT 1,Gianera,7231,37.401,-121.96867,85,Santa Clara,0.0142
33,CSCGNR_1_UNIT_2,ngct,PGE_bay,24.75,30.84,30.91,30.97,9,25,1,1,3.17,10.4109589,1732.5,Gianera GT 2,Gianera,7231,37.401,-121.96867,85,Santa Clara,0.0142
13,DELTA_2_PL1X4,ngcc,PGE_bay,880,10.22,10.48,10.74,352,880,4,4,2,404.3542435,61600,DELTA ENERGY CENTER (AGGREGATE),"Delta Energy Center, LLC",55333,38.0169,-121.8439,13,Contra Costa,0.3729
78,DEXZEL_1_UNIT,ngct,PGE_valley,36.8,8.08,8.14,8.21,13,37,1,1,3.17,15.61643836,2576,Western Power and Steam Cogeneration,Western Power & Steam Inc,54410,35.440539,-119.012861,29,Kern,0.4722
81,DISCOV_1_CHEVRN,ngct,PGE_valley,56.2,8.02,8.08,8.15,20,57,1,1,3.17,23.56164384,3934,CHEVRON USA (EASTRIDGE),Kern River Eastridge Cogen,52107,35.4406,-118.9617,29,Kern,0.498
226,DIVSON_6_NSQF,ngcc,SDGE,47,6.64,6.9,7.16,19,47,6,6,2,21.77121771,3290,DIVISON NAVAL STATION COGEN,Naval Station Energy Facility,10811,32.679269,-117.122447,73,San Diego,0.0872
75,DOUBLC_1_UNITS,ngct,PGE_valley,52.23,8.68,8.75,8.81,19,53,1,1,3.17,21.91780822,3656.1,DOUBLE C LIMITED,Double C Generation Limited Partnership,50493,35.5005,-119.046,29,Kern,0.0607
164,DREWS_6_PL1X4,ngct,SCE,41.4,13.67,13.74,13.8,15,42,1,1,3.17,17.53424658,2898,DREWS (AGGREGATE),Drews Generating Facility,55935,34.0609,-117.3532,71,San Bernardino,0.002
9,DUANE_1_PL1X3,ngcc,PGE_bay,147.8,7.86,8.12,8.38,60,148,2,2,2,67.89667897,10346,DONALD VON RAESFELD POWER PLANT,Donald Von Raesfeld,56026,37.3767,-121.9508,85,Santa Clara,0.6385
246,ELCAJN_6_LM6K,ngct,SDGE,48.1,8.13,8.2,8.26,16,49,1,1,3.17,20.2739726,3367,El Cajon Energy Center,El Cajon Energy Center,57001,32.796106,-116.972073,73,San Diego,0.0383
241,ELCAJN_6_UNITA1,ngct,SDGE,45.42,11.9,11.97,12.03,6,46,1,1,3.17,19.17808219,3179.4,Cuyamaca Peak Energy Plant,Cuyamaca Peak Energy,55512,32.796491,-116.972071,73,San Diego,0.0349
236,ELCAJN_7_GT1,ngct,SDGE,16.36,17.15,17.22,17.28,9,17,1,1,3.17,6.849315068,1145.2,El Cajon GT,El Cajon,301,32.7958,-116.9722,73,San Diego,0
43,ELKHIL_2_PL1X3,ngcc,PGE_valley,551.7,8.77,9.03,9.3,221,552,2,2,2,253.5055351,38619,ELK HILLS GENERATING PROJECT (AGGREGATE),Elk Hills Power,55400,35.280318,-119.470707,29,Kern,0.6958
135,ELSEGN_2_UN1011,ngcc,SCE,263,9.29,9.55,9.81,106,263,1,1,2,121.0332103,18410,El Segundo Energy Center 5/6,El Segundo,330,33.910556,-118.425,37,Los Angeles,0.0785
136,ELSEGN_2_UN2021,ngcc,SCE,263.68,9.29,9.55,9.81,106,264,1,1,2,121.0332103,18457.6,El Segundo Energy Center 7/8,El Segundo,330,33.910556,-118.425,37,Los Angeles,0.0785
254,ESCNDO_6_PL1X2,ngct,SDGE,48.71,7.63,7.7,7.76,38,49,1,1,3.17,20.54794521,3409.7,Escondido Energy Center,"Escondido Energy Center, LLC",55538,33.1261,-117.1172,73,San Diego,0.0307
242,ESCNDO_6_UNITB1,ngct,SDGE,48.04,11.9,11.97,12.03,13,49,1,1,3.17,20.2739726,3362.8,Enterprise,CalPeak Power - Enterprise,55513,33.121943,-117.117441,73,San Diego,0.0237
234,ESCO_6_GLMQF,ngct,SDGE,49.9,6.97,7.04,7.1,113,50,1,1,3.17,21.09589041,3493,Goal Line Cogen,Goal Line,54749,33.1185,-117.0995,73,San Diego,0.0403
144,ETIWND_2_UNIT1,ngct,SCE,33.6,8.02,8.08,8.15,12,34,1,1,3.17,14.24657534,2352,"New-Indy Ontario, LLC",New-Indy Ontario Mill,10427,34.045361,-117.540193,71,San Bernardino,0.387
173,ETIWND_6_GRPLND,ngct,SCE,46,11.9,11.97,12.03,17,46,1,1,3.17,19.45205479,3220,Grapeland Peaker,Grapeland Generating Station,56472,34.0903,-117.5343,71,San Bernardino,0.0189
207,ETIWND_7_UNIT3,ngst,SCE,320,11.26,11.97,12.67,128,320,6,6,2,66.3803681,22400,ETIWANDA UNIT 3,Etiwanda Generating Station,331,34.09118,-117.52663,71,San Bernardino,0
208,ETIWND_7_UNIT4,ngst,SCE,320,11.26,11.97,12.67,128,320,6,6,2,66.3803681,22400,ETIWANDA UNIT 4,Etiwanda Generating Station,331,34.09118,-117.52663,71,San Bernardino,0
113,FRITO_1_LAY,ngct,PGE_valley,6,5.86,5.93,5.99,3,6,1,1,3.17,2.465753425,420,FRITO-LAY,Frito-Lay Cogen Plant,10110,35.395063,-119.321633,29,Kern,0.506
3,GATWAY_2_PL1X3,ngcc,PGE_bay,562.5,5.91,6.17,6.43,225,563,1,1,2,258.4870849,39375,Gateway Generating Station,Gateway Generating Station,56476,38.0175,-121.7587,13,Contra Costa,0.5397
5,GILROY_1_UNIT,ngcc,PGE_bay,120,6.63,6.89,7.15,48,120,6,6,2,55.12915129,8400,GILROY COGEN,"Gilroy Energy Center, LLC",55810,36.999,-121.5363,85,Santa Clara,0.0217
28,GILRPP_1_PL1X2,ngct,PGE_bay,95.4,11.9,11.96,12.03,34,96,1,1,3.17,40.21917808,6678,GILROY ENERGY CENTER UNITS 1 & 2 (AGGREGATE),"Gilroy Energy Center, LLC",55810,36.999,-121.5363,85,Santa Clara,0.0217
27,GILRPP_1_PL3X4,ngct,PGE_bay,46.2,11.9,11.96,12.03,17,47,1,1,3.17,19.45205479,3234,Gilroy Energy Center Unit 3,"Gilroy Energy Center, LLC",55810,36.999,-121.5363,85,Santa Clara,0.0217
185,GLNARM_7_UNIT1,ngct,SCE,22.07,8.06,8.13,8.19,8,23,1,1,3.17,9.315068493,1544.9,Glen Arm Power Plant 1,Glenarm,422,34.126,-118.1494,37,Los Angeles,0.0461
186,GLNARM_7_UNIT2,ngct,SCE,22.3,8.06,8.13,8.19,8,23,1,1,3.17,9.315068493,1561,Glen Arm Power Plant 2,Glenarm,422,34.126,-118.1494,37,Los Angeles,0.0461
187,GLNARM_7_UNIT3,ngct,SCE,44.83,8.06,8.13,8.19,16,45,1,1,3.17,18.90410959,3138.1,Glen Arm Power Plant 3,Glenarm,422,34.126,-118.1494,37,Los Angeles,0.0461
188,GLNARM_7_UNIT4,ngct,SCE,42.42,8.06,8.13,8.19,15,43,1,1,3.17,17.80821918,2969.4,Glen Arm Power Plant 4,Glenarm,422,34.126,-118.1494,37,Los Angeles,0.0461
178,GOLETA_6_ELLWOD,ngct,SCE,54,11.53,11.6,11.66,19,54,1,1,3.17,22.73972603,3780,Ellwood Generating Station,Ellwood,8076,34.431419,-119.900055,83,Santa Barbara,0.0122
137,GOLETA_6_EXGEN,ngct,SCE,48.2,9.59,9.65,9.72,17,49,1,1,3.17,20.2739726,3374,"EXXON COMPANY, USA",ExxonMobil Santa Ynez Facility,50270,34.464819,-120.044365,83,Santa Barbara,0
158,GOLETA_6_GAVOTA,ngct,SCE,9.9,5.72,5.78,5.85,4,10,1,1,3.17,4.109589041,693,GAVIOTA OIL HEATING FACILITY,Gaviota Oil Plant,50623,34.475067,-120.205107,83,Santa Barbara,0
51,GRNLF1_1_UNITS,ngcc,PGE_valley,49.5,6.64,6.9,7.16,20,50,6,6,2,22.87822878,3465,GREENLEAF UNIT #1 (Aggregate),Greenleaf One,10350,39.052922,-121.696072,101,Sutter,0.1159
84,GRNLF2_1_UNIT,ngct,PGE_valley,63.75,8.02,8.08,8.15,23,64,1,1,3.17,26.84931507,4462.5,GREENLEAF UNIT #2,Greenleaf One,10350,39.052922,-121.696072,101,Sutter,0.1159
90,GRZZLY_1_BERKLY,ngct,PGE_valley,32.5,7.98,8.05,8.11,12,33,1,1,3.17,13.69863014,2275,"PE - BERKELEY, INC.",PE Berkeley,50849,37.870331,-122.26337,1,Alameda,0.6127
124,HARBGN_7_UNITS,ngcc,SCE,109.01,10.65,10.91,11.17,44,110,4,4,2,50.18450185,7630.7,HARBOR COGEN COMBINED CYCLE PLANT,Harbor Generating Station,399,33.7706,-118.2656,37,Los Angeles,0.0071
102,HENRTA_6_UNITA1,ngct,PGE_valley,49.98,7.41,7.47,7.54,18,50,1,1,3.17,21.09589041,3498.6,Henrietta Peaker Plant Unit 1,Henrietta Peaker Plant,55807,36.2397,-119.9044,31,Kings,0.0383
103,HENRTA_6_UNITA2,ngct,PGE_valley,49.42,7.41,7.47,7.54,18,50,1,1,3.17,20.82191781,3459.4,Henrietta Peaker Plant Unit 2,Henrietta Peaker Plant,55807,36.2397,-119.9044,31,Kings,0.0383
125,HIDSRT_2_UNITS,ngcc,SCE,830,7.29,7.56,7.82,332,830,4,4,2,381.5498155,58100,HIGH DESERT POWER PROJECT (AGGREGATE),High Desert Power Project,55518,34.5953,-117.3647,71,San Bernardino,0.4045
160,HINSON_6_LBECH1,ngct,SCE,65,14.76,14.83,14.89,23,65,1,1,3.17,27.39726027,4550,Long Beach - Unit 1,Long Beach Generating Station,341,33.7641,-118.2248,37,Los Angeles,0.0044
161,HINSON_6_LBECH2,ngct,SCE,65,14.76,14.83,14.89,23,65,1,1,3.17,27.39726027,4550,Long Beach - Unit 2,Long Beach Generating Station,341,33.7641,-118.2248,37,Los Angeles,0.0044
162,HINSON_6_LBECH3,ngct,SCE,65,14.76,14.83,14.89,23,65,1,1,3.17,27.39726027,4550,Long Beach - Unit 3,Long Beach Generating Station,341,33.7641,-118.2248,37,Los Angeles,0.0044
163,HINSON_6_LBECH4,ngct,SCE,65,14.76,14.83,14.89,23,65,1,1,3.17,27.39726027,4550,Long Beach - Unit 4,Long Beach Generating Station,341,33.7641,-118.2248,37,Los Angeles,0.0044
216,HNTGBH_7_UNIT1,ngst,SCE,225.75,11.19,11.89,12.6,91,226,6,6,2,46.87116564,15802.5,Huntington Beach 1,AES Huntington Beach,335,33.6439,-117.9792,59,Orange,0.0357
217,HNTGBH_7_UNIT2,ngst,SCE,225.8,11.19,11.89,12.6,91,226,6,6,2,46.87116564,15806,Huntington Beach 2,AES Huntington Beach,335,33.6439,-117.9792,59,Orange,0.0357
141,HOLGAT_1_BORAX,ngct,SCE,48.2,8.06,8.13,8.19,17,49,1,1,3.17,20.2739726,3374,U.S. BORAX AND CHEMICAL CORP. (#1),US Borax,50115,35.0329,-117.701,29,Kern,0.6686
107,HUMBPP_1_UNITS3,ngct,PGE_valley,65.08,7.19,7.26,7.32,23,66,1,1,3.17,27.39726027,4555.6,Humboldt Bay Generating Station 3,Humboldt Bay,246,40.7415,-124.2103,23,Humboldt,0.1627
106,HUMBPP_6_UNITS,ngct,PGE_valley,97.62,7.19,7.26,7.32,35,98,1,1,3.17,41.09589041,6833.4,Humboldt Bay Generating Station 1,Humboldt Bay,246,40.7415,-124.2103,23,Humboldt,0.1627
174,INDIGO_1_UNIT1,ngct,SCE,44,11.9,11.97,12.03,16,44,1,1,3.17,18.63013699,3080,Indigo Energy 1,Indigo Generation Facility,55541,33.910873,-116.552994,65,Riverside,0.0255
175,INDIGO_1_UNIT2,ngct,SCE,44.53,11.9,11.97,12.03,16,45,1,1,3.17,18.90410959,3117.1,Indigo Energy 2,Indigo Generation Facility,55541,33.910873,-116.552994,65,Riverside,0.0255
176,INDIGO_1_UNIT3,ngct,SCE,43.69,11.9,11.97,12.03,16,44,1,1,3.17,18.35616438,3058.3,Indigo Energy 3,Indigo Generation Facility,55541,33.910873,-116.552994,65,Riverside,0.0255
131,INLDEM_5_UNIT1,ngcc,SCE,376.2,5.62,5.88,6.14,151,377,2,2,2,172.6937269,26334,"Inland Empire Energy Center, Unit 1",Inland Empire Energy Center,55853,33.738839,-117.170369,65,Riverside,0.0281
132,INLDEM_5_UNIT2,ngcc,SCE,366.32,5.62,5.88,6.14,147,367,1,1,2,168.2656827,25642.4,"Inland Empire Energy Center, L.L.C. Unit 2",Inland Empire Energy Center,55853,33.738839,-117.170369,65,Riverside,0.0281
17,KELSO_2_UNITS,ngct,PGE_bay,196,8.64,8.7,8.77,69,196,1,1,3.17,82.63013699,13720,Mariposa Energy Project,Mariposa Energy Project,57483,37.789167,-121.601944,1,Alameda,0.0642
76,KERNFT_1_UNITS,ngct,PGE_valley,52.4,8.67,8.73,8.8,19,53,1,1,3.17,22.19178082,3668,KERN FRONT LIMITED,Kern Front Limited,50494,35.51647,-119.040128,29,Kern,0.0434
72,KERNRG_1_UNITS,ngct,PGE_valley,55.2,9.02,9.09,9.15,20,56,1,1,3.17,23.28767123,3864,South Belridge Cogen Facility,South Belridge Cogeneration Facility,50752,35.438611,-119.7075,29,Kern,0.5324
85,KINGCO_1_KINGBR,ngct,PGE_valley,34.5,8.02,8.08,8.15,13,35,1,1,3.17,14.52054795,2415,"PE - KES KINGSBURG,LLC",Kingsburg Cogen Facility,10405,36.5397,-119.5794,19,Fresno,0.0157
68,KNGCTY_6_UNITA1,ngct,PGE_valley,44.6,9.43,9.49,9.56,16,45,1,1,3.17,18.90410959,3122,King City Energy Center,King City Power Plant,10294,36.225,-121.1278,53,Monterey,0.3211
53,LAPLMA_2_UNIT1,ngcc,PGE_valley,259.8,6,6.26,6.52,104,260,3,3,2,119.5571956,18186,LA PALOMA UNIT 1,La Paloma Generating Plant,55151,35.2956,-119.5919,29,Kern,0.1008
54,LAPLMA_2_UNIT2,ngcc,PGE_valley,260.2,6,6.26,6.52,105,261,3,3,2,119.5571956,18214,LA PALOMA UNIT 2,La Paloma Generating Plant,55151,35.2956,-119.5919,29,Kern,0.1008
55,LAPLMA_2_UNIT3,ngcc,PGE_valley,256.15,6,6.26,6.52,103,257,3,3,2,117.7121771,17930.5,LA PALOMA UNIT 3,La Paloma Generating Plant,55151,35.2956,-119.5919,29,Kern,0.1008
56,LAPLMA_2_UNIT4,ngcc,PGE_valley,259.54,6,6.26,6.52,104,260,2,2,2,119.1881919,18167.8,LA PALOMA UNIT 4,La Paloma Generating Plant,55151,35.2956,-119.5919,29,Kern,0.1008
243,LARKSP_6_UNIT1,ngct,SDGE,46.1,11.9,11.97,12.03,22,47,1,1,3.17,19.45205479,3227,Larkspur 1,Larkspur Energy Faciity,55542,32.567041,-116.944197,73,San Diego,0.0512
244,LARKSP_6_UNIT2,ngct,SDGE,47.98,11.9,11.97,12.03,18,48,1,1,3.17,20.2739726,3358.6,Larkspur 2,Larkspur Energy Faciity,55542,32.567041,-116.944197,73,San Diego,0.0512
127,LEBECS_2_UNITS,ngcc,SCE,799.47,9.62,9.88,10.14,320,800,3,3,2,367.5276753,55962.9,PASTORIA ENERGY FACILITY,Pastoria Energy Facility,55656,34.9556,-118.844,29,Kern,0.6339
29,LECEF_1_UNITS,ngct,PGE_bay,294,11.9,11.96,12.03,103,294,1,1,3.17,123.9452055,20580,LOS ESTEROS ENERGY FACILITY (AGGREGATE),Los Esteros Critical Energy Facility,55748,37.425,-121.9319,85,Santa Clara,0.1329
143,LGHTHP_6_ICEGEN,ngct,SCE,48,8.02,8.08,8.15,17,48,1,1,3.17,20.2739726,3360,CARSON COGENERATION COMPANY,Carson Cogeneration Company,10169,33.8759,-118.2491,37,Los Angeles,0
65,LMBEPK_2_UNITA1,ngct,PGE_valley,48,9.58,9.65,9.71,17,48,1,1,3.17,20.2739726,3360,LAMBIE ENERGY CENTER,Lambie Energy Center,55626,38.221577,-121.868333,95,Solano,0.0323
23,LMBEPK_2_UNITA2,ngct,PGE_bay,48,9.46,9.53,9.59,17,48,1,1,3.17,20.21917808,3360,CREED ENERGY CENTER,Creed Energy Center,55625,38.242158,-121.854722,95,Solano,0.0315
24,LMBEPK_2_UNITA3,ngct,PGE_bay,48,9.66,9.73,9.79,17,48,1,1,3.17,20.21917808,3360,GOOSE HAVEN ENERGY CENTER,Goose Haven Energy Center,55627,38.226752,-121.843271,95,Solano,0.0302
10,LMEC_1_PL1X3,ngcc,PGE_bay,561.29,8.36,8.62,8.88,225,562,4,4,2,257.896679,39290.3,LOS MEDANOS ENERGY CENTER (AGGREGATE),"Los Medanos Energy Center, LLC",55217,38.030071,-121.873004,13,Contra Costa,0.5511
59,LODI25_2_UNIT1,ngct,PGE_valley,25.3,13.94,14.01,14.07,9,26,1,1,3.17,10.68493151,1771,LODI GAS TURBINE,Lodi,7451,38.146571,-121.300541,77,San Joaquin,0.0146
57,LODIEC_2_PL1X2,ngcc,PGE_valley,302.58,5.6,5.87,6.13,122,303,1,1,2,139.1143911,21180.6,Lodi Energy Center,Lodi Energy Center,57978,38.088056,-121.3875,77,San Joaquin,0.5558
45,MALAGA_1_PL1X2,ngcc,PGE_valley,96,7.61,7.87,8.13,39,96,2,2,2,44.2804428,6720,Malaga Power Aggregate,Malaga Power,56239,36.6697,-119.7404,19,Fresno,0.0261
4,METEC_2_PL1X3,ngcc,PGE_bay,593.16,5.97,6.23,6.49,238,594,2,2,2,272.5461255,41521.2,METCALF ENERGY CENTER,Metcalf Energy Center,55393,37.2207,-121.7457,85,Santa Clara,0.3739
108,MIDSET_1_UNIT1,ngct,PGE_valley,52.9,7.15,7.22,7.28,19,53,1,1,3.17,22.19178082,3703,MIDSET COGENERATION,Mid-Set Cogeneration,10501,35.19456,-119.57097,29,Kern,0
140,MIRLOM_6_DELGEN,ngct,SCE,50.05,8.09,8.15,8.22,18,51,1,1,3.17,21.09589041,3503.5,"CORONA ENERGY PARTNERS, LTD.","Corona Energy Partners, Ltd",10635,33.8827,-117.5565,65,Riverside,0
189,MIRLOM_6_PEAKER,ngct,SCE,46,7.6,7.66,7.73,17,46,1,1,3.17,19.45205479,3220,Mira Loma Peaker,Mira Loma Generating Station,56473,34.0053,-117.5604,71,San Bernardino,0.055
104,MKTRCK_1_UNIT1,ngct,PGE_valley,47.49,7.34,7.41,7.47,17,48,1,1,3.17,20,3324.3,MCKITTRICK LIMITED,McKittrick Limited,50612,35.319503,-119.661992,29,Kern,0.054
177,MNDALY_6_MCGRTH,ngct,SCE,47.2,11.9,11.97,12.03,17,48,1,1,3.17,20,3304,McGrath Beach Peaker,McGrath Generating Station,56471,34.205556,-119.246944,111,Ventura,0.0549
222,MNDALY_7_UNIT1,ngst,SCE,215,8.87,9.57,10.28,86,215,6,6,2,44.66257669,15050,Mandalay 1,Mandalay Generating Station,345,34.2067,-119.2511,111,Ventura,0
223,MNDALY_7_UNIT2,ngst,SCE,215.29,8.87,9.57,10.28,87,216,6,6,2,44.66257669,15070.3,Mandalay 2,Mandalay Generating Station,345,34.2067,-119.2511,111,Ventura,0
159,MNDALY_7_UNIT3,ngct,SCE,130,28.33,28.4,28.46,46,130,1,1,3.17,54.79452055,9100,Mandalay 3 GT,Mandalay Generating Station,345,34.2067,-119.2511,111,Ventura,0
41,MOSSLD_2_PSP1,ngcc,PGE_valley,510,9.36,9.62,9.88,204,510,3,3,2,234.3173432,35700,Moss Landing CC Plant 1 (Aggregate),Moss Landing,260,36.804837,-121.782241,53,Monterey,0.1538
115,MOSSLD_7_UNIT6,ngst,PGE_valley,754,9.81,10.51,11.22,302,754,6,6,2,156.5644172,52780,Moss Landing 6,Moss Landing,260,36.804837,-121.782241,53,Monterey,0.1538
116,MOSSLD_7_UNIT7,ngst,PGE_valley,755,9.81,10.51,11.22,302,755,6,6,2,156.6871166,52850,Moss Landing 7,Moss Landing,260,36.804837,-121.782241,53,Monterey,0.1538
134,MRCHNT_2_PL1X3,ngcc,SCE,494.58,5.84,6.1,6.36,198,495,1,1,2,227.3062731,34620.6,Desert Star Energy Center,Desert Star Energy Center,55077,35.788889,-114.994167,3,Clark,0.3535
248,MRGT_6_MMAREF,ngct,SDGE,48,7.9,7.96,8.03,17,48,1,1,3.17,20.2739726,3360,MIRAMAR ENERGY FACILITY,Miramar Energy Facility,56232,32.8769,-117.166389,73,San Diego,0.0996
233,NIMTG_6_NIQF,ngct,SDGE,42.7,7.64,7.71,7.77,212,43,1,1,3.17,18.08219178,2989,NORTH ISLAND COGENERATION,North Island,10812,32.70516,-117.189665,73,San Diego,0.0932
37,OAK_C_7_UNIT_1,oil,PGE_bay,55,13.68,13.75,13.81,20,55,1,1,3.17,23.17808219,3850,Oakland GT #1,Dynegy Oakland Power Plant,6211,37.79675,-122.28185,1,Alameda,0.002
38,OAK_C_7_UNIT_2,oil,PGE_bay,55,13.68,13.75,13.81,20,55,1,1,3.17,23.17808219,3850,Oakland GT #2,Dynegy Oakland Power Plant,6211,37.79675,-122.28185,1,Alameda,0.002
39,OAK_C_7_UNIT_3,oil,PGE_bay,55,13.68,13.75,13.81,20,55,1,1,3.17,23.17808219,3850,Oakland GT #3,Dynegy Oakland Power Plant,6211,37.79675,-122.28185,1,Alameda,0.002
245,OGROVE_6_PL1X2,ngct,SDGE,96,11.9,11.97,12.03,18,96,1,1,3.17,40.54794521,6720,Orange Grove Energy Center,Orange Grove Project,56914,33.3594,-117.1114,73,San Diego,0.0328
91,OILDAL_1_UNIT1,ngct,PGE_valley,40,7.96,8.02,8.09,14,40,1,1,3.17,16.98630137,2800,OILDALE ENERGY,Oroville Cogeneration LP,54477,39.492,-121.5628,7,Butte,0.0023
147,OMAR_2_UNIT1,ngct,SCE,78,7.43,7.5,7.56,28,78,1,1,3.17,32.87671233,5460,KERN RIVER COGENERATION UNIT 1,Kern River Cogeneration,10496,35.4515,-118.9849,29,Kern,0.2776
148,OMAR_2_UNIT2,ngct,SCE,78.11,7.43,7.5,7.56,28,79,1,1,3.17,32.87671233,5467.7,KERN RIVER COGENERATION UNIT 2,Kern River Cogeneration,10496,35.4515,-118.9849,29,Kern,0.2776
149,OMAR_2_UNIT3,ngct,SCE,81.41,7.43,7.5,7.56,29,82,1,1,3.17,34.24657534,5698.7,KERN RIVER COGENERATION UNIT 3,Kern River Cogeneration,10496,35.4515,-118.9849,29,Kern,0.2776
150,OMAR_2_UNIT4,ngct,SCE,81.44,7.43,7.5,7.56,29,82,1,1,3.17,34.24657534,5700.8,KERN RIVER COGENERATION UNIT 4,Kern River Cogeneration,10496,35.4515,-118.9849,29,Kern,0.2776
205,ORMOND_7_UNIT1,ngst,SCE,741.27,11.49,12.19,12.9,297,742,6,6,2,153.8650307,51888.9,Ormond Beach Unit 1,Ormond Beach Generating Station,350,34.1292,-119.1689,111,Ventura,0.0132
206,ORMOND_7_UNIT2,ngst,SCE,775,11.49,12.19,12.9,310,775,6,6,2,160.8588957,54250,Ormond Beach Unit 2,Ormond Beach Generating Station,350,34.1292,-119.1689,111,Ventura,0.0132
58,OROVIL_6_UNIT,ngct,PGE_valley,7.5,15.36,15.42,15.49,3,8,1,1,3.17,3.287671233,525,OROVILLE COGEN,Oroville Cogeneration LP,54477,39.492,-121.5628,7,Butte,0.0023
235,OTAY_6_PL1X2,ngct,SDGE,35.5,19.33,19.39,19.46,8,36,1,1,3.17,15.06849315,2485,Chula Vista Energy Center,Chula Vista Energy Center,55540,32.591667,-117.058611,73,San Diego,0.008
228,OTMESA_2_PL1X3,ngcc,SDGE,603.68,9.62,9.88,10.14,242,604,1,1,2,277.4907749,42257.6,Otay Mesa Energy Center,"Otay Mesa Energy Center, LLC",55345,32.581481,-116.914969,73,San Diego,0.0818
227,PALOMR_2_PL1X3,ngcc,SDGE,575,9.7,9.96,10.22,230,575,2,2,2,264.2066421,40250,PALOMAR ENERGY CENTER,Palomar Energy Center,55985,33.1197,-117.117778,73,San Diego,0.3931
249,PIOPIC_2_CTG1,ngct,SDGE,106,7.87,7.94,8,17,106,1,1,3.17,44.65753425,7420,Pio Pico Unit 1,Pio Pico Energy Center LLC,57555,32.573889,-116.917777,73,San Diego,0.0433
250,PIOPIC_2_CTG2,ngct,SDGE,106,7.87,7.94,8,34,106,1,1,3.17,44.65753425,7420,Pio Pico Unit 2,Pio Pico Energy Center LLC,57555,32.573889,-116.917777,73,San Diego,0.0433
251,PIOPIC_2_CTG3,ngct,SDGE,106,7.87,7.94,8,17,106,1,1,3.17,44.65753425,7420,Pio Pico Unit 3,Pio Pico Energy Center LLC,57555,32.573889,-116.917777,73,San Diego,0.0433
34,PITTSP_7_UNIT_5,ngst,PGE_bay,312,12.15,12.85,13.56,125,312,6,6,2,64.52322738,21840,Pittsburg Unit 5,Pittsburg Generating Station (CA),271,,,,,0
35,PITTSP_7_UNIT_6,ngst,PGE_bay,317,12.15,12.85,13.56,127,317,6,6,2,65.56234719,22190,Pittsburg Unit 6,Pittsburg Generating Station (CA),271,,,,,0
36,PITTSP_7_UNIT_7,ngst,PGE_bay,530,12.15,12.85,13.56,212,530,6,6,2,109.608802,37100,Pittsburg Unit 7,Pittsburg Generating Station (CA),271,,,,,0
77,PLMSSR_6_HISIER,ngct,PGE_valley,6,8.66,8.73,8.79,3,6,1,1,3.17,2.465753425,420,High Sierra Cogeneration Aggregate,High Sierra Cogeneration Plant,57977,40.4128,-120.4774,35,Lassen,0.663
93,PNCHEG_2_PL1X4,ngct,PGE_valley,401,7.64,7.71,7.77,141,401,1,1,3.17,169.0410959,28070,Panoche Energy Center,Panoche Energy Center,56803,36.6514,-120.5833,19,Fresno,0.1627
95,PNCHPP_1_PL1X2,ngct,PGE_valley,119.91,7.6,7.66,7.73,42,120,1,1,3.17,50.68493151,8393.7,Midway Peaking LLC,Midway Peaking,56639,36.654114,-120.579727,19,Fresno,0.0403
92,PNOCHE_1_UNITA1,ngct,PGE_valley,52.01,7.64,7.71,7.77,19,53,1,1,3.17,21.91780822,3640.7,Panoche - CalPeak,CalPeak Power - Panoche,55508,36.6535,-120.5783,19,Fresno,0.0264
231,PTLOMA_6_NTCQF,ngct,SDGE,22.3,8.63,8.69,8.76,17,23,1,1,3.17,9.315068493,1561,NTC/MCRD COGENERATION,NTC/MCRD Energy Facility,10810,32.7353,-117.2083,73,San Diego,0.0922
66,REDBLF_6_UNIT,ngct,PGE_valley,44,9.48,9.54,9.61,16,44,1,1,3.17,18.63013699,3080,RED BLUFF PEAKER PLANT,Red Bluff,56184,40.1501,-122.2124,103,Tehama,0.0341
218,REDOND_7_UNIT5,ngst,SCE,178.87,11.19,11.89,12.6,72,179,6,6,2,37.17791411,12520.9,Redondo Unit 5,AES Redondo Beach,356,33.8504,-118.395,37,Los Angeles,0.0238
219,REDOND_7_UNIT6,ngst,SCE,175,11.19,11.89,12.6,70,175,6,6,2,36.3190184,12250,Redondo Unit 6,AES Redondo Beach,356,33.8504,-118.395,37,Los Angeles,0.0238
220,REDOND_7_UNIT7,ngst,SCE,505.96,11.19,11.89,12.6,203,506,6,6,2,105.0306748,35417.2,Redondo Unit 7,AES Redondo Beach,356,33.8504,-118.395,37,Los Angeles,0.0238
221,REDOND_7_UNIT8,ngst,SCE,495.9,11.19,11.89,12.6,199,496,6,6,2,102.9447853,34713,Redondo Unit 8,AES Redondo Beach,356,33.8504,-118.395,37,Los Angeles,0.0238
12,RUSCTY_2_UNITS,ngcc,PGE_bay,620,10.06,10.32,10.58,248,620,1,1,2,284.9077491,43400,Russell City Energy Center,Russell City Energy Company LLC,56467,37.63466,-122.13381,1,Alameda,0.1761
22,RVRVEW_1_UNITA1,ngct,PGE_bay,48.7,9.3,9.37,9.43,18,49,1,1,3.17,20.52054795,3409,RIVERVIEW ENERGY CENTER,Riverview Energy Center,55963,38.014423,-121.790679,13,Contra Costa,0.0437
179,RVSIDE_2_RERCU3,ngct,SCE,49,8.49,8.56,8.62,18,49,1,1,3.17,20.54794521,3430,Riverside Energy Resource Center (RERC) Unit 3,Riverside Energy Resource Center,56143,33.9636,-117.4528,65,Riverside,0.0503
180,RVSIDE_2_RERCU4,ngct,SCE,49,8.49,8.56,8.62,18,49,1,1,3.17,20.54794521,3430,Riverside Energy Resource Center (RERC) Unit 4,Riverside Energy Resource Center,56143,33.9636,-117.4528,65,Riverside,0.0503
138,RVSIDE_6_RERCU1,ngct,SCE,48.35,8.49,8.56,8.62,17,49,1,1,3.17,20.2739726,3384.5,Riverside Energy Res. Ctr Unit 1,Riverside Energy Resource Center,56143,33.9636,-117.4528,65,Riverside,0.0503
139,RVSIDE_6_RERCU2,ngct,SCE,48.5,8.49,8.56,8.62,17,49,1,1,3.17,20.54794521,3395,Riverside Energy Res. Ctr Unit 2,Riverside Energy Resource Center,56143,33.9636,-117.4528,65,Riverside,0.0503
168,RVSIDE_6_SPRING,ngct,SCE,36,12.28,12.35,12.41,13,36,1,1,3.17,15.06849315,2520,Springs Generation Project,Springs Generating Station,56144,33.9308,-117.2933,65,Riverside,0.0013
86,SALIRV_2_UNIT,ngct,PGE_valley,57,8.02,8.08,8.15,20,57,1,1,3.17,24.10958904,3990,SALINAS RIVER COGENERATION,Salinas River Cogeneration Facility,50865,35.9515,-120.8679,53,Monterey,0.8846
232,SAMPSN_6_KELCO1,ngct,SDGE,25,8.02,8.08,8.15,202,25,1,1,3.17,10.4109589,1750,CP Kelco Cogeneration Facility,C P Kelco San Diego Plant,52147,32.6947,-117.1436,73,San Diego,0.3326
88,SARGNT_2_UNIT,ngct,PGE_valley,57.1,8.02,8.08,8.15,20,58,1,1,3.17,24.10958904,3997,SARGENT CANYON COGENERATION,Sargent Canyon Cogen Facility,50864,35.9359,-120.8408,53,Monterey,0
122,SAUGUS_6_PTCHGN,ngcc,SCE,29.8,8.12,8.38,8.64,12,30,5,5,2,13.65313653,2086,COUNTY OF LOS ANGELES (PITCHESS HONOR RANCH),Pitchess Cogen Station,10478,34.463896,-118.593991,37,Los Angeles,0.5398
129,SBERDO_2_PSP3,ngcc,SCE,525,5.83,6.09,6.35,210,525,2,2,2,241.3284133,36750,MOUNTAINVIEW POWER PLANT POWER BLOCK 3,Mountainview Generating Station,358,34.0818,-117.2418,71,San Bernardino,0.2046
130,SBERDO_2_PSP4,ngcc,SCE,525,5.83,6.09,6.35,210,525,2,2,2,241.3284133,36750,MOUNTAINVIEW POWER PLANT POWER BLOCK 4,Mountainview Generating Station,358,34.0818,-117.2418,71,San Bernardino,0.2046
52,SCHLTE_1_PL1X3,ngcc,PGE_valley,332.28,6.33,6.59,6.85,133,333,1,1,2,152.7675277,23259.6,Tracy Combined Cycle Power Plant,Tracy Combined Cycle Power Plant,55933,37.7107,-121.4906,77,San Joaquin,0.2949
191,SENTNL_2_CTG1,ngct,SCE,92.09,7.63,7.7,7.76,33,93,1,1,3.17,38.90410959,6446.3,CPV Sentinel Unit 1,"Sentinel Energy Center, LLC",57482,33.934167,-116.571388,65,Riverside,0.0693
192,SENTNL_2_CTG2,ngct,SCE,92.4,7.63,7.7,7.76,33,93,1,1,3.17,38.90410959,6468,CPV Sentinel Unit 2,"Sentinel Energy Center, LLC",57482,33.934167,-116.571388,65,Riverside,0.0693
193,SENTNL_2_CTG3,ngct,SCE,92.36,7.63,7.7,7.76,33,93,1,1,3.17,38.90410959,6465.2,CPV Sentinel Unit 3,"Sentinel Energy Center, LLC",57482,33.934167,-116.571388,65,Riverside,0.0693
194,SENTNL_2_CTG4,ngct,SCE,91.98,7.63,7.7,7.76,33,92,1,1,3.17,38.90410959,6438.6,CPV Sentinel Unit 4,"Sentinel Energy Center, LLC",57482,33.934167,-116.571388,65,Riverside,0.0693
195,SENTNL_2_CTG5,ngct,SCE,91.83,7.63,7.7,7.76,33,92,1,1,3.17,38.63013699,6428.1,CPV Sentinel Unit 5,"Sentinel Energy Center, LLC",57482,33.934167,-116.571388,65,Riverside,0.0693
196,SENTNL_2_CTG6,ngct,SCE,92.16,7.63,7.7,7.76,33,93,1,1,3.17,38.90410959,6451.2,CPV Sentinel Unit 6,"Sentinel Energy Center, LLC",57482,33.934167,-116.571388,65,Riverside,0.0693
197,SENTNL_2_CTG7,ngct,SCE,91.84,7.63,7.7,7.76,33,92,1,1,3.17,38.63013699,6428.8,CPV Sentinel Unit 7,"Sentinel Energy Center, LLC",57482,33.934167,-116.571388,65,Riverside,0.0693
198,SENTNL_2_CTG8,ngct,SCE,91.56,7.63,7.7,7.76,33,92,1,1,3.17,38.63013699,6409.2,CPV Sentinel Unit 8,"Sentinel Energy Center, LLC",57482,33.934167,-116.571388,65,Riverside,0.0693
87,SGREGY_6_SANGER,ngct,PGE_valley,48.3,8.02,8.08,8.15,17,49,1,1,3.17,20.2739726,3381,"SANGER POWER, LLC",Algonquin Power Sanger,57564,36.6842,-119.5522,19,Fresno,0.2717
11,SHELRF_1_UNITS,ngcc,PGE_bay,100,8.87,9.13,9.39,40,100,5,5,2,45.94095941,7000,Martinez Refining Company (Aggregate),Martinez Refining,54912,38.0169,-122.1117,13,Contra Costa,0.9256
73,SIERRA_1_UNITS,ngct,PGE_valley,52.43,8.85,8.91,8.98,19,53,1,1,3.17,22.19178082,3670.1,HIGH SIERRA LIMITED,High Sierra Limited,50495,35.509041,-119.030546,29,Kern,0.0643
69,SMPRIP_1_SMPSON,ngct,PGE_valley,46.05,9.37,9.43,9.5,17,47,1,1,3.17,19.45205479,3223.5,Ripon Cogeneration Unit 1,Ripon Generation Station,56135,37.7315,-121.116,77,San Joaquin,0.0234
190,SNCLRA_2_HOWLNG,ngct,SCE,13,8.66,8.73,8.79,5,13,1,1,3.17,5.479452055,910,"Houweling Nurseries Oxnard, Inc",Houweling Nurseries,58432,34.179722,-119.083056,111,Ventura,0.4614
156,SNCLRA_6_OXGEN,ngct,SCE,48.9,7.23,7.29,7.36,18,49,1,1,3.17,20.54794521,3423,"E. F. OXNARD, INCORPORATED",E F Oxnard Energy Facility,10776,34.1958,-119.1664,111,Ventura,0.3697
15,SRINTL_6_UNIT,ngct,PGE_bay,6.9,7.4,7.46,7.53,3,7,1,1,3.17,2.904109589,483,SRI INTERNATIONAL,SRI International Cogen Project,50537,37.455314,-122.172797,81,San Mateo,0.5491
67,STIGCT_2_LODI,ngct,PGE_valley,49.9,9.47,9.53,9.6,18,50,1,1,3.17,21.09589041,3493,Lodi Steam Injected Gas Turbine,Lodi Energy Center,57978,38.088056,-121.3875,77,San Joaquin,0.5558
40,SUNRIS_2_PL1X3,ngcc,PGE_valley,586.02,9.84,10.1,10.36,235,587,4,4,2,269.3726937,41021.4,SUNRISE POWER PROJECT (AGGREGATE),Sunrise Power Company,55182,35.2097,-119.585,29,Kern,0.5037
96,SUNSET_2_UNITS,ngct,PGE_valley,248,7.6,7.66,7.73,87,248,1,1,3.17,104.6575342,17360,Midway Sunset Cogeneration Company,Midway Sunset Cogen,52169,35.2269,-119.6294,29,Kern,0.4147
151,SYCAMR_2_UNIT1,ngct,SCE,85,7.33,7.4,7.46,30,85,1,1,3.17,35.89041096,5950,SYCAMORE COGENERATION UNIT 1,Sycamore Cogeneration,50134,35.452577,-118.985313,29,Kern,0.5206
152,SYCAMR_2_UNIT2,ngct,SCE,85,7.33,7.4,7.46,30,85,1,1,3.17,35.89041096,5950,SYCAMORE COGENERATION UNIT 2,Sycamore Cogeneration,50134,35.452577,-118.985313,29,Kern,0.5206
153,SYCAMR_2_UNIT3,ngct,SCE,85,7.33,7.4,7.46,30,85,1,1,3.17,35.89041096,5950,SYCAMORE COGENERATION UNIT 3,Sycamore Cogeneration,50134,35.452577,-118.985313,29,Kern,0.5206
154,SYCAMR_2_UNIT4,ngct,SCE,85,7.33,7.4,7.46,30,85,1,1,3.17,35.89041096,5950,SYCAMORE COGENERATION UNIT 4,Sycamore Cogeneration,50134,35.452577,-118.985313,29,Kern,0.5206
100,TANHIL_6_SOLART,ngct,PGE_valley,17,7.49,7.56,7.62,6,17,1,1,3.17,7.123287671,1190,BERRY PETROLEUM COGEN 18,Berry Cogen Tanne Hills 18,50622,35.089829,-119.440881,29,Kern,0.5835
155,TENGEN_2_PL1X2,ngct,SCE,40.2,7.26,7.32,7.39,15,41,1,1,3.17,16.98630137,2814,Berry Cogen 42,Berry Placerita Cogen,52096,34.38407,-118.494882,37,Los Angeles,0.789
6,TIDWTR_2_UNITS,ngcc,PGE_bay,114.8,6.63,6.89,7.15,46,115,6,6,2,52.73062731,8036,Martinez Cogen Limited Partnership,Foster Wheeler Martinez,10342,38.0244,-122.0589,13,Contra Costa,0.6772
111,TXMCKT_6_UNIT,ngct,PGE_valley,11.2,6.41,6.48,6.54,4,12,1,1,3.17,4.657534247,784,McKittrick Cogen,McKittrick Cogen,52076,35.3161,-119.6597,29,Kern,0.4184
14,UNOCAL_1_UNITS,ngct,PGE_bay,57.3,6.37,6.43,6.5,21,58,1,1,3.17,24.1369863,4011,Phillips 66 - Rodeo Plant,Phillips 66 Rodeo Refinery,50119,38.0417,-122.2583,13,Contra Costa,0.811
105,UNVRSY_1_UNIT1,ngct,PGE_valley,38,7.26,7.32,7.39,14,38,1,1,3.17,15.89041096,2660,BERRY COGEN 38,Berry Cogen,50170,35.093046,-119.443617,29,Kern,0.8644
61,VACADX_1_UNITA1,ngct,PGE_valley,50.61,11.9,11.97,12.03,18,51,1,1,3.17,21.36986301,3542.7,Vaca Dixon Peaker Plant,CalPeak Power - Vaca Dixon,55499,38.398867,-121.923973,95,Solano,0.0214
166,VERNON_6_GONZL1,ngct,SCE,5.75,12.7,12.77,12.83,3,6,1,1,3.17,2.465753425,402.5,H. GONZALES GAS TURBINE 1,H. Gonzales,56039,33.9986,-118.2219,37,Los Angeles,0.0386
167,VERNON_6_GONZL2,ngct,SCE,5.75,12.7,12.77,12.83,3,6,1,1,3.17,2.465753425,402.5,H. GONZALES GAS TURBINE 2,H. Gonzales,56039,33.9986,-118.2219,37,Los Angeles,0.0386
128,VERNON_6_MALBRG,ngcc,SCE,134,7.86,8.12,8.38,54,134,3,3,2,61.62361624,9380,Malburg Generating Station,Malburg Generating Station,56041,33.9986,-118.2219,37,Los Angeles,0.4209
199,VESTAL_2_WELLHD,ngct,SCE,49,7.63,7.7,7.76,18,49,1,1,3.17,20.54794521,3430,Wellhead Power Delano,"Delano Energy Center, LLC",58122,35.790864,-119.294469,107,Tulare,0.0128
200,WALCRK_2_CTG1,ngct,SCE,96.43,7.37,7.44,7.5,34,97,1,1,3.17,40.54794521,6750.1,Walnut Creek Energy Park Unit 1,Walnut Creek Energy Park,57515,34.008709,-117.944864,37,Los Angeles,0.0872
201,WALCRK_2_CTG2,ngct,SCE,96.91,7.37,7.44,7.5,34,97,1,1,3.17,40.82191781,6783.7,Walnut Creek Energy Park Unit 2,Walnut Creek Energy Park,57515,34.008709,-117.944864,37,Los Angeles,0.0872
202,WALCRK_2_CTG3,ngct,SCE,96.65,7.37,7.44,7.5,34,97,1,1,3.17,40.82191781,6765.5,Walnut Creek Energy Park Unit 3,Walnut Creek Energy Park,57515,34.008709,-117.944864,37,Los Angeles,0.0872
203,WALCRK_2_CTG4,ngct,SCE,96.49,7.37,7.44,7.5,34,97,1,1,3.17,40.54794521,6754.3,Walnut Creek Energy Park Unit 4,Walnut Creek Energy Park,57515,34.008709,-117.944864,37,Los Angeles,0.0872
204,WALCRK_2_CTG5,ngct,SCE,96.65,7.37,7.44,7.5,34,97,1,1,3.17,40.82191781,6765.5,Walnut Creek Energy Park Unit 5,Walnut Creek Energy Park,57515,34.008709,-117.944864,37,Los Angeles,0.0872
70,WOLFSK_1_UNITA1,ngct,PGE_valley,46.9,9.31,9.38,9.44,17,47,1,1,3.17,19.7260274,3283,WOLFSKILL ENERGY CENTER,Wolfskill Energy Center,55855,38.228522,-122.07525,95,Solano,0.0228
94,YUBACT_1_SUNSWT,ngct,PGE_valley,49.97,7.63,7.69,7.76,18,50,1,1,3.17,21.09589041,3497.9,YUBA CITY COGEN (SUNSWEET),Yuba City Cogen Partners,52186,39.13667,-121.639846,101,Sutter,0.0247
64,YUBACT_6_UNITA1,ngct,PGE_valley,46,10.84,10.91,10.97,17,46,1,1,3.17,19.45205479,3220,Yuba City Energy Center,Yuba City Energy Center,10349,39.1365,-121.6397,101,Sutter,0.522
